Model,MAE,RMSE
"SARIMA (1,1,1)x(1,1,1,12)",594.5117733453245,741.3349649173765
